"","AEW541","Nilotinib","X17.AAG","PHA.665752","Lapatinib","Nutlin.3","AZD0530","PF2341066","L.685458","ZD.6474","Panobinostat","Sorafenib","Irinotecan","Topotecan","LBW242","PD.0325901","PD.0332991","Paclitaxel","AZD6244","PLX4720","RAF265","TAE684","TKI258","Erlotinib"
"A2058",1.0006,0.02046,4.747,0.2003,0.1202,0.1101,0.793,0.5221,0.06193,1.3466,4.3673,0.05127,3.5949,3.1484,1.1989,2.4465,0,7.1679,1.8154,0.7129,0.9206,0.8825,0.858,0
"C32",0.8161,0.1393,6.5863,0.1914,0,0,0,0.261,0.04038,0.4507,2.4495,0.3158,2.0384,2.2885,0.4908,3.2117,0.07469,3.1892,1.8523,1.2483,1.1826,0.6679,0.3908,0.286
"HT1197",1.5118,0.06098,1.8151,0.008045,0.3532,0.3538,0.7165,0.2529,0.04266,1.0391,4.3308,0.1303,1.3475,0.7309,0.358,2.0249,0,1.967,1.1711,0,1.8252,1.032,0.6075,0.2642
"MDAMB157",0.7972,0.6589,0.8792,0.01494,0.1138,0.4724,0.5788,1.1257,0.4268,0.4384,4.2399,0.5498,NA,3.6195,1.1144,0.751,0.1157,3.8675,0.6353,0.0486,1.9967,1.1916,1.4616,0.2684
"HT29",1.8932,0.4398,5.3135,0.2648,0.8029,0.3962,0.9439,0.5708,0.1403,1.2904,4.5754,0.658,3.1076,2.4461,0.1759,4.683,0.343,6.2246,4.148,1.6266,2.0208,2.1444,0.9653,0
"AU565",0.7651,0.873,4.2668,0.3374,3.5677,0.1964,0.2328,0.7979,0.8391,1.1876,5.0888,0.6273,NA,3.8426,0.7937,0.04551,0.9007,6.6977,0.09979,0.6038,1.5268,0.1526,0.7107,0.491
"NCIH441",1.1125,0.1257,2.8905,0.2391,0.4346,0.6243,0.7499,0.455,0.03189,0.8277,3.8005,0.2335,3.3047,2.5101,0.12,1.6923,0.5023,4.4553,1.6292,0.1424,0.9033,1.205,0.5299,0.3066
"SW1088",0.09182,0.6276,2.8038,0.03335,0.7047,0,0.2863,0.2437,0.3489,0.2384,2.9392,0.0797,NA,0.777,0.02371,0.03729,0.1536,4.9997,0,0.4742,1.2931,0.5267,0.8459,0.1109
"HCT116",0.5664,0.2101,3.4601,0.6267,0.3587,0.5542,0.2996,0.678,0.05555,0.3113,4.9122,0.8268,3.3454,3.2013,0.1936,3.6651,0.1507,6.4469,1.9489,0.171,2.0303,1.092,0.6307,0.2184
"KYSE450",0.5514,NA,2.76,0.3495,1.3231,0.353,1.4272,0.3047,0.7975,1.8158,3.3199,0.09899,NA,2.1403,0.3005,1.4853,NA,5.5189,1.2877,0.3734,NA,0.5987,0.5079,1.4667
"NCIH28",1.0399,0.2426,3.0959,0.2016,1.1902,0.4339,1.327,0.5851,0.1084,1.7242,4.0381,0.1132,NA,1.549,0.2459,1.8972,0.7641,3.249,1.3218,0.161,1.0461,1.4364,0.3888,1.7382
"NCIH358",1.0482,0.4732,2.9418,0.1218,1.4357,0.3662,0.7506,0.8719,0.6911,1.6435,4.264,0.4633,NA,2.0796,0.7728,3.6668,0.5514,5.6597,2.4557,0.7734,1.9399,1.5223,1.3765,1.6179
"NCIH727",1.3035,0.5898,2.1313,0.1742,0.5375,0.4471,1.0985,1.1206,0.6485,1.3125,2.9172,0.2139,1.357,0.2574,0.2611,2.9449,0.315,1.9411,1.7299,0.1817,0.4526,1.3735,0.29,0.3191
"NCIH1299",1.2383,NA,3.5108,0.7558,0.2706,1.0899,1.4866,0.9098,0.4863,0.7984,3.6257,1.5557,NA,3.8423,1.249,2.7295,NA,5.549,3.1961,0.5758,2.203,1.9109,1.2805,0.7121
"SAOS2",1.8071,1.0258,2.9737,0,0.5612,0.2842,1.2774,0.8489,0.4832,0.6431,4.3266,0.4878,3.7048,3.5564,0.3765,0.104,0.1887,6.0694,0.2236,0.2537,1.8359,1.6125,1.49,0.2072
"LS411N",1.3972,NA,4.496,0.8759,0.04328,0.0771,0.2772,0.3309,0.8172,0.6636,4.8202,0.1615,NA,3.1476,1.1581,4.9922,NA,5.834,4.2582,2.1759,1.4663,1.4321,0.6282,0.3804
"RKO",0.8444,0.5761,4.4812,0.47,0.302,0.6938,0.6394,0.9374,0.2558,0.876,4.4547,0.8653,3.213,3.5301,0.2353,3.2954,0.6835,6.6097,2.2005,0.9622,1.7043,1.6675,0.7962,0.06025
"RPMI7951",0.9825,NA,5.8391,0.7986,0.212,0.2262,0.8065,0.9346,0.217,1.2281,4.7622,0.1968,NA,3.4621,0.5193,1.5961,NA,6.9914,1.1178,0.54,1.3954,1.0404,0.6471,0.172
"WM115",0.1716,NA,3.7538,0.3838,0.1087,0.1188,0.04944,0,0.255,0.8184,3.3891,0.3239,NA,0.8829,1.8514,2.0602,NA,3.5617,1.5979,0.691,0.5653,0.07927,0.2933,0.1035
"NCIH2009",0.6894,0.237,3.6954,1.1969,0.3635,0.06515,1.094,0.5123,0.1486,1.504,5.2809,0,2.9776,2.1728,0.2909,2.6131,0.09706,4.9461,1.9691,0.4112,1.5606,1.2731,0.9052,0.6598
"NCIH2452",0.7924,0.2073,3.558,0.3236,0.2728,0.8552,1.0389,0.4166,0.4763,0.6913,3.5626,0.7511,3.7125,3.3382,0.8521,1.184,0.8849,5.6526,0.8245,0.7483,2.2147,1.2638,1.0808,0.7658
"UACC62",0.868,NA,4.5286,0.8429,0.565,1.1217,1.0493,0.7375,NA,0.6134,4.6762,0.398,NA,3.8193,0.913,4.916,NA,5.3255,3.9363,3.0249,2.0133,1.354,0.7377,0.6873
"UACC257",0.5798,NA,2.2128,0.2647,0.01452,0.4674,0.3102,0.1327,0.1982,0.9322,4.057,0.3558,NA,2.1144,0.2906,4.2295,NA,3.6187,2.9813,2.0796,1.2821,0.4377,0.3173,0
"KELLY",0.7389,NA,2.0176,0.4493,0.1516,0.203,0.499,0.7127,0.03601,0.5221,4.6979,0.4258,NA,3.7898,0.1127,0.9878,NA,4.7326,0.4287,0.2889,NA,1.6594,0.4625,0.2575
"NCIH661",1.0875,0.5492,1.1851,0.6622,0.3394,0.07728,0.5857,0.7048,0.1818,1.225,5.3017,0.1372,2.6998,0.9602,0.5897,0.2089,0.08016,2.5108,0.1862,0.3142,0.6757,0.8723,0.2489,0.09786
"MPP89",1.0837,0.6128,2.8561,0.06791,0.392,0.702,0.3467,0.9935,0.3831,0.8979,4.5306,0,2.5822,2.5565,0.439,0.6039,0.1568,4.6902,0.1261,0.06749,1.4205,1.9641,0.5424,0.2684
"NCIH2030",0.9753,0.3102,4.9167,0,1.2422,0.254,1.8416,0.4445,0.1499,1.7591,3.6894,0.5507,2.5802,4.0152,0.3874,2.026,0.1732,5.1832,1.0569,0.2542,2.3273,0.8499,0.973,1.2982
"COLO205",1.5025,0.6001,5.7504,0.5538,0.1875,0.9422,0.4195,1.3255,0.8434,1.0471,4.8613,1.204,NA,4.4189,0.6715,5.6956,0.9274,7.0778,4.57,3.1984,2.1484,2.9966,0.9085,0.6326
"REH",0.8788,0.577,3.0737,0.4732,0.4909,0.573,0.00713,0.8942,1.0459,0.08253,4.9712,0.4783,NA,4.3275,1.5628,0,0.7898,6.7887,0.04644,0.8706,NA,1.1366,1.3379,0.1718
"NCIH1792",1.1488,0.1523,4.2291,0,0.3039,0.679,0.3243,0.7983,0,0.8889,3.9704,0.3336,NA,1.7974,0.269,2.7425,0.4562,5.8456,0.7937,0.4574,1.9411,1.6733,1.1431,0.2512
"NCIH1355",0.9139,0.2995,2.7409,0.134,1.4545,1.3545,0.9871,1.1761,0.3069,0.7915,3.208,0.08526,NA,0.9215,0.2866,3.2706,1.143,4.4405,2.526,0.5632,2.1873,2.1361,0.8879,1.1241
"NCIH1048",0.798,0.4625,4.7653,0.1776,0.5777,0.1314,1.2751,0.7133,0.3058,1.2426,4.9662,0.6078,4.6028,5.3324,0.1353,0.6409,0.01538,6.7078,0.08808,0.0554,1.8268,1.9009,1.3784,0.662
"OE33",0.887,0.1666,4.7147,0.7694,1.3948,0.1788,1.5313,2.6605,0.1213,1.2065,4.8403,0.2001,4.2414,3.252,1.6295,1.8762,0.9013,4.8996,0.9345,0.4093,1.5374,1.8779,0.2963,0.842
"OVCAR8",0.6409,0.6021,4.0967,0.4074,1.0963,0.08894,1.0565,1.0091,0.2157,0.8507,5.1246,0.9127,4.2914,4.034,0.07678,1.0265,0,6.193,0.3024,0.1871,1.7808,0.7201,1.1174,0.532
"PANC1005",1.0935,0.2589,3.2431,0.2858,0.6474,0.4299,1.4284,0.975,0,1.2371,4.0085,0.7027,3.5233,3.3451,0,3.0873,0.1536,5.4204,2.0182,0.1674,0.7633,0.773,0.408,0.5347
"NCIH1915",0.4139,0.1953,5.2552,0.3796,0.1502,0.2402,1.1919,0.2831,0.0133,0.8455,4.8531,0.03571,3.1297,3.279,0.9189,3.546,0.5238,6.0863,2.2654,0.1486,2.7444,0.8856,1.0848,0.4244
"OCIAML2",1.1281,0.8493,4.2295,0.07766,0.1763,0.5748,0.2234,1.0041,0.2119,0.1919,5.3795,1.7042,4.2545,4.8885,0.02479,7.2797,1.6237,6.3485,5.9343,0.9367,1.8252,2.1811,1.4035,0.02743
"ONS76",0.2968,0.1742,1.904,0.01134,0.1084,0.3121,0.6145,0.2558,0.117,0.3671,3.9079,0.9837,2.7183,3.336,0.4631,4.1038,0.3628,NA,2.8866,0.1695,1.4977,0.3495,0.5648,0.06366
"RT112",2.1877,0.2699,4.3543,0.1706,0.7505,0.6725,1.0985,1.2498,0.02406,1.3419,4.9117,0.6547,3.78,4.3472,0.3585,3.0522,0.5327,6.9774,1.6626,0.02544,0.9746,2.9431,2.3504,0.3784
"NCIH1793",0.4367,0.1586,1.6359,0.08983,0.6214,0.6553,0.8634,0.04633,0,1.9546,NA,0.04823,NA,1.5681,0.4629,1.1635,0.7979,3.6008,1.1445,0.02881,1.0381,0.3799,0.6117,0.4024
"RERFGC1B",1.5338,0.08913,1.4162,0.3157,0.717,0.2647,2.1467,0.3046,0.03254,2.0009,4.1861,0.1891,NA,3.4388,0.1773,1.5846,0.01805,4.5754,1.7254,0.5411,0.4918,0.9959,0.7177,0.4351
"RVH421",0.329,0.2469,4.0161,0.2618,0.1602,0.7626,0,0.3367,0.1654,1.3958,4.0976,0,1.1385,1.22,0.1933,4.4939,1.0254,3.8473,2.5274,2.1201,1.518,0.3535,0.7289,0.05907
"PC14",1.5768,NA,4.4138,1.0704,1.6271,0.09898,3.3372,0.5781,1.3271,3.3291,4.1845,0.4259,NA,3.389,0.8567,1.4392,NA,6.7585,1.2008,0.3088,NA,1.7777,1.1328,3.7177
"NCIH1581",0.3412,0.7787,2.4837,0.5504,0.3271,0.1988,0.5944,0.6256,0.2333,0.8635,4.8627,0.106,NA,2.8858,0.7831,1.7867,0.7369,5.8733,1.2459,0.01726,0.665,0.6507,0.9622,0.04829
"OPM2",0.9333,0.3997,3.1534,0.6293,0.03488,0.1889,0.6917,0.2972,0.6987,0.1063,6.84,0.1978,4.3124,3.6358,0,1.3958,0,3.6015,0.4856,0.09389,0.09803,0.9299,0.2381,0.8885
"NCIH1092",0.5824,0.1775,1.0754,0,0.2613,0.06517,0,0.286,0.004055,0.3715,3.5793,0,3.195,2.8124,0,0,0,1.7118,0.4517,0.06505,0.6779,0,0.5458,0.06946
"NCIH1573",1.463,0.7619,3.9417,0.4783,1.6056,1.1259,1.3679,0.8412,0.08039,0.5696,4.0278,0.3309,NA,1.2867,0.3017,2.844,1.0384,4.4458,2.263,0.547,1.2461,1.1256,0.6435,1.4163
"RKN",0.3677,0.5959,2.4716,0.2649,0.06721,0.5138,0.5643,0.2581,0,1.0264,3.893,0.4223,3.0355,3.0453,0.201,3.0112,0.8942,5.3001,2.1173,0.1845,0.9769,0.3406,0.4719,0.1202
"PSN1",0.5187,NA,3.4967,0.7477,0.05786,0.2706,0.1458,0.04047,0.543,0.4477,4.1128,0.2279,NA,2.709,0.3796,3.0172,NA,5.7164,2.4693,0.07306,NA,0.8693,0.2996,0.2199
"NCIH1648",1.078,1.4162,1.8947,0.1418,1.8562,0.8649,0.2443,0.673,0.3297,0.817,4.1316,0.5777,NA,1.9441,1.6655,0.8604,0.9064,5.9981,1.076,0.9942,2.1058,1.1125,0.4882,0.6008
"OV90",0.8462,0.6314,4.5708,0.07258,0.3964,0.09546,0.2935,0.5705,0,0.4307,4.7692,0.4936,2.8504,2.9714,0.727,4.0762,0.072,3.4582,3.4602,0.1413,1.9905,2.2049,0.482,0
"NCIH1568",1.3221,0.6011,1.527,0.2685,0.918,0.7387,1.5767,1.035,0.6435,0.8584,4.3663,0.7917,NA,3.7898,1.4092,1.5472,1.0166,5.6099,1.2459,0.9667,2.3001,1.6053,0.7681,1.6905
"NCIH1944",0.2859,0,4.244,0.5487,0.2708,0,0.4428,0,0.24,1.6975,3.797,0.04412,NA,1.7644,0.339,1.4783,0.319,4.4533,1.3191,0.03804,0.3902,0.1488,0.1312,0.3705
"RD",1.6448,NA,4.2745,0.635,0.195,0.3467,0.8706,0.7359,0.3171,1.474,5.2349,0.4051,NA,2.7238,0.6438,2.6177,0.002948,5.9449,2.5031,0.1876,1.5202,1.4087,0.4683,0.1262
"PANC0327",0.6478,0.01959,4.3483,0.2903,0.7534,0.07107,0.9077,0.8512,0.5476,0.7822,3.6862,0.1145,3.4648,3.1664,2.2368,2.1915,0.03994,5.8073,1.2338,0.2345,2.1313,0.9404,0.2957,0.4879
"OC314",0.3713,0.03021,3.573,0.4256,0.3899,0.2438,0.5346,0.2361,0,0.8934,3.7559,0.0006212,NA,3.2347,0.2431,0.5158,0.3161,6.3589,0.09393,0.06317,1.5412,0.1058,0.6888,0.2903
"NCIH1155",0.7336,NA,3.8781,0.3567,0.3304,0.5254,1.4315,1.1355,0.6582,0.6619,4.6853,0.4457,NA,4.8723,1.0831,0.8311,NA,5.3744,0.1612,0.581,NA,1.5621,1.299,0.6025
"OE21",1.3307,0.8543,3.2699,0.3258,1.5609,0.4005,1.4609,1.1686,0.01683,1.9609,4.345,0.4841,2.8926,2.622,2.2086,2.3347,0.9908,6.2262,1.541,0.2198,1.8998,1.5289,0.9572,2.3549
"KYSE520",0.8652,0.6587,4.248,0.01816,1.037,0.2568,1.1904,0.2385,0,1.5278,3.219,0.4213,1.2647,1.2417,0.672,1.9066,0,5.3639,0.6335,0.2625,1.0794,1.0372,0.3085,1.2624
"KURAMOCHI",1.4503,1.27,2.2269,1.0637,1.5001,1.6904,2.0978,1.3399,0.6266,1.9356,3.8318,1.1985,2.4941,3.0771,0.4443,2.5424,0.9905,3.8522,2.0402,0.5705,1.5177,3.0662,1.2387,0.9836
"LOUNH91",0.3336,0.3538,2.6406,0.04844,0.1664,0.08353,0.8153,0.6149,0.1343,1.4031,3.4407,1.0337,3.9008,2.8967,0.9006,0.005301,0,6.1409,0.4429,1.1699,1.3319,1.7266,1.1322,1.0477
"GAMG",0.4895,NA,3.711,0.5998,0,0.332,0.2102,0.07498,0,0.4886,3.8201,0.1068,NA,1.2313,0.5262,0.3018,NA,5.015,0.2266,0.154,NA,0.1636,0.445,0.1358
"MFE319",0.7763,NA,2.5464,0.8592,1.5418,0.5247,2.3456,0.658,0.3238,1.3823,4.2531,0.3111,NA,2.5258,0.8158,1.4756,NA,6.2607,0.9563,0,NA,0.5841,1.2325,1.5436
"KLE",0.5976,0.5632,1.7971,0.7342,0.6419,0.9586,1.5831,0.7625,0.1714,1.6344,4.3321,0.6244,1.9354,1.4401,0.7563,1.1681,0.7329,2.7287,0.406,0.3276,1.1131,0.3371,0.898,0.7291
"LCLC103H",0.6313,0.1693,2.8339,0.8282,0.1241,0.1545,0.2668,0.06502,0.09609,1.4051,4.1846,0.4543,2.0636,2.2263,0.5048,0.16,0.1057,5.5755,0.5019,0.08282,1.366,0.8001,0.7523,0.26
"KYSE410",1.0965,0.5324,3.1735,0.704,1.1965,0.1933,1.2755,0.6978,0.1766,1.8618,4.147,0.2293,1.4083,0.9707,0.4363,1.0033,0.2584,3.8109,0.4508,0.09375,0.822,1.2969,0.2454,0.4664
"KP3",0.4973,0.4622,3.0933,0.008632,0.09769,0.8851,1.2097,0.4304,0,0.4319,3.5037,0.8425,1.5558,2.197,0.3274,1.7013,0.341,4.864,0.1945,0.5426,1.4921,1.3057,0.4566,0.2328
"L363",2.9187,1.9171,5.0957,2.1395,1.3522,0.7146,1.4398,2.4015,1.0836,0.791,6.2917,1.6377,4.9078,4.9954,3.4205,1.4584,2.7606,6.817,0.7485,0.9127,3.0544,3.8758,2.0685,1.0643
"LN229",1.2309,0.7352,4.0027,0.161,0.3739,0.8821,0.9273,0.8152,0.343,1.0302,3.9247,0.4278,NA,1.7406,0.2781,1.6776,0.6559,5.688,1.1769,0.1665,1.5223,1.6332,0.9104,0.4374
"FADU",0.5665,0.7939,5.1603,0.2629,1.9562,0.141,1.9008,0.4794,0.3693,1.9234,4.0829,0.05019,NA,3.2542,0.5883,2.2958,0.4639,4.7772,2.4745,0.2541,1.672,0.9511,1.2244,1.5452
"G401",2.2898,0.6602,4.5407,0.6015,0.4741,1.2915,0.983,1.1658,0.9484,1.2123,5.5697,1.2294,4.6555,4.0509,0.7225,2.1278,1.3601,6.559,1.9268,0.5567,2.3576,2.1525,1.5069,0.3828
"GI1",0.5457,NA,3.6972,0.4336,0.216,0.5693,0.5236,1.0878,0.2226,1.2145,4.6003,0.4663,NA,2.6126,0.4723,0.7663,NA,5.6551,0.6094,0.6865,NA,1.8359,0.7001,0.1787
"KYSE510",1.3086,NA,3.7623,0.6993,0.311,0.6075,0.348,0.1044,0.2331,0.2942,3.8037,0.6993,NA,4.2576,0.7552,0.04356,NA,6.5046,0.2195,0.4983,NA,0.5215,0.8546,0.3023
"KU812",0.3537,5.016,3.8223,0.3105,0.5306,0.1017,3.0717,1.7159,0,3.12,4.7085,0,2.7764,3.1619,0.9883,4.5708,0.7817,7.1048,3.3419,0.1505,2.0601,0,1.5403,0.5995
"KCL22",0.8817,5.6277,4.7185,1.9724,0.9807,0.644,3.2752,2.7737,1.3594,2.5777,5.8635,1.6803,4.4124,4.5702,1.2877,3.6923,1.2449,7.0551,3.1959,0.3954,2.4167,2.1484,1.5281,0.6935
"LN18",1.4906,0.4477,5.1669,1.2814,0.369,0.1367,0.7022,1.6642,0.5255,NA,4.2477,0.4215,2.4904,3.3191,1.2075,0.7033,0.05377,5.1481,0.2497,NA,1.8471,1.3576,1.2562,0.3233
"FU97",0.9502,NA,4.4951,0.806,0.3622,0.2397,1.3435,0.2194,0.401,1.5508,5.2069,1.0666,NA,1.564,0.4887,1.9272,NA,4.4367,1.0491,0.6619,1.4073,1.3489,1.7745,0.3636
"GCT",1.3274,0.5817,3.4082,1.8311,0.756,0.1651,1.1414,1.1702,0.5029,1.2443,4.6095,0.497,4.69,4.6049,2.3182,2.0909,0.9603,6.5265,1.3028,1.5137,2.8929,2.0993,1.2355,0.6055
"MFE280",0.5249,0.3222,3.2444,0.1629,0.8911,0.3682,0.7199,0.46,0.2754,1.5907,4.9023,0.4915,2.0817,2.3197,0.1119,1.4506,0.4306,3.8856,0.5816,0.1392,1.5917,0.6407,1.2541,0.9432
"KMRC1",1.1574,0.1906,2.7651,0.3043,0.4486,0.834,1.6644,0.4754,0.7012,1.5469,3.2386,0.337,2.3962,2.4108,0.1215,1.5562,0.7256,4.304,0.703,0.2211,1.3821,0.8743,1.2307,0.8457
"LS513",2.5798,1.4159,4.3214,1.4464,2.1057,1.4657,0.9041,0.6926,0.8321,1.7525,5.166,0.9539,2.7359,4.0027,0.3439,4.8546,1.3037,4.8331,2.6515,0.2252,2.0386,2.7267,1.9045,1.5967
"KYSE70",2.1382,NA,4.2296,0.7026,1.3543,0.7199,1.6009,0.6366,NA,1.4575,4.5453,0.6312,NA,3.081,0.5985,2.7093,NA,5.5901,1.3876,0.7607,NA,1.3801,1.5309,1.3994
"KYSE140",1.627,NA,1.6901,1.2101,2.2679,0.2324,1.8523,0.385,NA,1.284,3.5643,0.1106,NA,2.3975,0.7395,1.9335,NA,3.5397,0.1921,0.4187,NA,0.808,1.4472,2.1105
"KALS1",0.4127,0.2728,3.853,0.2795,0.5346,0.5073,1.1537,0.7377,0.2999,1.3023,3.7029,0.1169,2.2827,2.841,0.7127,2.4758,0.7226,6.0363,1.2031,0.615,2.2201,1.3825,0.6178,0.3822
"LS123",0.8263,0.5402,2.3211,0.2806,0.4413,0.08035,0.9965,0.7037,0.09287,1.5768,4.5721,0.1955,NA,1.307,0.4231,1.5646,0,2.9985,1.76,0.5484,0.8473,1.0933,0.3334,0.4793
"GCIY",0.7879,0.8356,2.1792,0.04114,0.8684,0.4031,1.2041,0.4585,0,1.6699,4.2403,0.2187,NA,1.9017,0.7082,1.2638,0.2167,4.0593,0.06857,0,0.5924,1.487,0.3855,0.9732
"G402",0.4365,NA,4.4662,0.8114,0.2117,1.068,1.4516,0.6586,0.008315,0.485,3.8386,1.1492,NA,4.218,0.3804,0.689,NA,5.9752,0.06311,0.1487,1.6359,0.6709,1.3881,0
"MELHO",1.3099,0.654,2.0796,0.01668,0.6978,0.2398,0.9185,0.868,0.1198,1.7294,5.0633,0.7755,3.5391,2.6133,0.4954,5.1399,0.2735,4.24,3.391,2.9418,2.1681,1.4747,0.9921,0.49
"KYSE150",0.4188,NA,3.8432,0,0.5937,0.2893,0.3552,0.267,0.2318,0.8659,3.4319,0.08508,NA,1.5052,0.6142,0.5862,NA,4.5075,0.08227,0.1422,0.8829,0.4303,0.5562,0.7703
"GB1",0.8205,0.256,2.3449,0,0.2394,0.2416,1.0036,0.7245,0.1654,1.0373,4.0893,1.0509,4.2248,4.8979,0.1936,2.272,0.3521,4.6277,0.6831,0.845,2.6337,1.6221,1.5132,0.4303
"U118MG",0.5336,0.04546,3.4405,0,0.04566,0.2094,0.1566,0.4299,0.03038,0.8528,4.1269,0.2384,3.0109,2.8569,0.8719,0.3997,0.3849,4.7636,0.1341,0.09208,1.1127,1.1033,0.712,0.05681
"TE1",0.8829,NA,3.9523,0.6178,0.7076,0.4281,1.0441,0.4085,0.08494,0.756,5.0321,0.2454,NA,2.8467,0.533,1.0105,NA,4.1517,1.114,0.3786,NA,1.3627,0.7009,0.8417
"SCC9",1.2564,NA,4.7346,1.1941,1.1401,0.1992,1.3741,0.4683,0.2541,2.7298,5.3576,0.2901,NA,2.3581,1.1435,2.6857,NA,5.2099,1.6772,0.2032,1.5306,0.4782,0.7652,2.1038
"SNU182",0.6863,0.2845,2.0055,1.2067,0.1451,0.2442,0.943,0.2485,0.1374,0.9908,4.3852,0.04995,NA,1.3273,0.2302,1.3371,0.4209,4.6237,1.7,0.3584,0.837,1.0013,0.3053,0.9051
"SKNSH",2.7443,1.0504,3.3319,0.5025,0.5023,1.3029,1.0388,1.827,0.2392,1.1326,5.1937,1.011,NA,2.8988,0.9145,1.1063,1.0097,4.8643,0.5364,0.8964,1.9759,3.3946,1.2916,0.5904
"TE9",1.0772,0.6286,4.2666,0.1003,1.265,0.4344,1.9496,0.3303,0.7058,1.2997,4.0263,0.6806,3.8206,4.0447,0.4993,0.9762,0.0816,6.6468,0.8854,0.4148,1.3055,1.8908,0.8313,0.9259
"SNU449",0.8843,0.278,1.5499,0.05912,0.1797,0.4246,0.6314,0.2711,0,1.1332,3.3569,0.5036,1.6665,1.3044,0.4588,0.7212,0,1.808,0.2108,0.3743,0.8266,0.3874,0.2176,0.3379
"SKNFI",2.0128,NA,2.6195,0.7685,0.3646,0.4112,1.3394,0.4837,1.0696,1.5356,4.3873,0.5742,NA,1.3133,0.6466,1.9218,NA,3.4138,1.8228,0.2167,1.5365,2.8196,0.7739,0.4157
"TOV21G",0.4566,0.1506,3.9631,0.3605,0.5477,0.3815,1.6485,0.415,0.2344,0.9598,3.7608,1.0759,2.6233,2.732,0.9197,1.3425,0.1943,5.0367,1.2785,0.6667,3.3561,1.3244,1.7314,0.8857
"SKHEP1",0.8338,0.1774,1.9799,0.005834,0.1027,0.8066,0,0.3791,0,0.2105,3.5627,0.3457,1.9584,1.9181,0.3588,1.683,0.3311,4.968,1.2855,0.4923,2.3493,0.4886,1.1864,0.3647
"YKG1",0.5376,0.4998,2.8308,0.0179,0,0.1102,1.6499,0.5306,0.5167,0.4073,4.1169,0.2007,1.8817,1.3881,0.5146,0.8524,0.672,5.5701,0.8278,0.241,NA,0.7847,0.6228,0.07841
"SNU475",1.4655,NA,3.9646,1.0051,0.8682,0.8932,0.6638,0.7115,0.4492,0.6495,3.7899,1.0406,NA,2.5168,2.3149,0.9657,NA,5,0.9279,0.6943,1.972,0.914,1.0832,0.6863
"SKOV3",0.5344,0.1564,2.3103,0.1467,0.8272,0.5764,1.1181,0.02451,0,0.9297,3.3944,0.4214,2.4994,2.0795,2.6683,0.519,0.06216,5.0501,0.334,0.3349,1.9759,0.7187,0.7958,0.6147
"TE11",1.7103,NA,3.3987,0.7925,2.2305,1.2078,1.9288,0.9517,NA,NA,3.5976,0.5301,NA,4.7553,0.7138,1.4826,NA,7.3115,0.3205,NA,NA,1.9404,1.6287,2.0088
"SUDHL8",1.6451,1.3969,4.1173,1.3604,0.9553,0.7898,1.196,1.3599,1.2041,1.6841,6.3157,1.6194,5.546,5.4439,1.3083,1.5111,2.4264,6.7813,1.5696,1.6986,1.7772,1.7707,1.2434,0.689
"SKMEL24",1.1943,0.5484,3.5284,0.2063,0.3248,0.3876,0.514,0.3011,0,0.8517,3.9406,0.06075,2.8192,1.972,0.795,2.8012,0.1802,3.0234,2.0305,1.0325,1.1696,1.0744,0.339,0.1272
"T24",0.7722,0.1709,3.6966,0.4776,0.416,0.8099,1.5531,0.9083,0.424,1.8852,4.441,0.5063,4.5191,3.6724,0.6445,2.6029,0.5323,5.7734,1.535,0.9257,2.9719,1.8013,1.8003,0.8934
"MCF7",1.7882,0.1241,2.2316,0,0.4242,0.06679,0.03456,0.502,0.02904,0.2155,NA,0,1.7724,0.9251,0.2945,0.3616,0.1991,3.7399,0.5816,0.5813,0.01511,1.5781,0.3718,0.3573
"UMUC3",0.065,0.1194,3.2913,0.1439,0,0.2972,0.706,0.1958,0,0.9404,3.3849,0.2574,2.6212,2.4369,0.5511,0.9588,0.3181,5.4626,0.5331,0.2678,0.4746,0.2892,0.3319,0
"SW1990",1.0457,0.7679,3.9558,0.06233,0.8197,1.2615,1.3081,1.0859,0.02302,0.6381,3.6605,0.06581,NA,4.2077,0.1944,2.9671,0.3129,4.7138,1.5884,0.6876,1.7576,1.7119,0.8337,0.5871
"T47D",0.924,0.5094,1.4674,0.3123,0.5727,0.4176,0.5592,0.3487,0.4164,0.3955,4.3607,0.427,NA,1.9885,0.9794,0.004786,0.5315,3.3375,0.6917,0.04939,1.4747,0.3381,0.4691,0.1791
"TE5",0.4191,NA,3.0955,0.3795,0.486,0.3958,0.5912,0.2186,0,0.6572,3.463,0.2589,NA,3.692,0.7896,0.753,NA,5.4258,0.6396,0.06209,NA,0.2672,0.4487,0.23
"SNU387",1.0149,NA,3.05,1.5203,0.8222,0.9645,1.0306,0.8758,0.4401,0.6723,3.7306,0.7339,NA,1.0026,0.8547,0.8845,NA,4.7368,0.4998,1.2764,NA,0.8824,0.3967,0.8118
"T98G",1.137,0.4823,2.537,0.05954,0.3194,0.5323,1.4143,0.238,0.02585,1.1189,2.8925,1.0637,0.8403,1.2564,0.2173,0.8449,0.4777,4.9955,0.8136,0.6113,1.4113,1.2075,1.8327,0.5313
"MC116",0.2977,0,3.4533,0.3541,0.0505,0.2049,0.09845,0.1444,0.1277,0.9237,3.7751,0.5503,NA,4.4146,0.2117,0.1658,0.7225,6.476,0,0.04864,0.0784,0.1041,0.096,0.0005163
"U87MG",0.3154,0.2714,3.4931,0.443,0.5471,0.4944,0.03487,0.8907,0.002326,0.2363,3.4181,0.2031,1.4987,1.6427,0.2053,1.3091,0.6737,4.303,0.4738,0.02147,1.4162,0.5188,0.477,0.07387
"TCCSUP",0.1999,0.3292,4.4105,0.5486,0,0,0.08578,0.1913,0,0.1873,4.3885,0.01622,2.4115,2.2101,0.2682,0.1675,0.168,5.7387,0,0.1503,0.7076,0.9076,0.6665,0.06454
"SUDHL10",1.0192,0.3176,3.8928,0.06698,0.7992,0.0689,0.4912,0.8983,1.2785,1.9595,5.3984,0.01542,3.1957,4.0743,0.186,1.8426,1.3344,7.2354,0.4243,0,0.838,1.2132,1.3126,0.06596
"T84",1.1858,0.7187,2.5327,0.4742,0.2998,1.0549,1.0293,0.8613,0.5854,1.563,3.9686,0.614,2.2281,1.1731,0.3676,2.1085,0.8757,4.1065,1.568,0.5119,0.8543,2.3855,0.007705,1.0015
"CHP212",2.0767,NA,5.2114,0.86,0.4609,1.1585,2.3748,1.0766,0.7484,1.6859,5.65,0.5689,NA,3.3596,2.0844,5.6249,NA,5.9257,5.5723,0.3921,1.0626,2.3225,0.6549,0.4165
"DKMG",0.3032,0,2.603,0.3604,0.2054,0.4608,0.3462,0.7844,0,0.6306,3.8051,0.04339,1.8847,1.5358,0.1664,1.3384,0.5503,5.3135,1.1426,0,1.3524,0.4276,0.7372,0.1756
"COLO679",0.9348,0.5391,3.984,0.486,0,0.6993,0.1354,0.4152,0.3375,0.311,4.6206,0.4606,2.1461,2.2206,0.1373,4.7338,0.4765,4.5201,3.3142,2.2166,2.4244,0.853,0.6854,0.4867
"CAL78",1.2703,0.5266,4.3291,0.3361,0.4327,0.0222,0.6972,0.8664,0.7571,0.305,4.6055,0.301,2.9043,3.1338,0.7028,0.1878,0.1654,5.5828,0.149,0.359,1.7244,1.4006,1.7102,0.6947
"EM2",1.1647,6.0634,4.667,0.9357,0.3354,0.9154,4.2714,3.0185,2.0652,3.3257,5.6418,1.7046,5.2348,5.2851,1.0611,4.5392,1.5487,7.0443,3.654,1.0564,2.7795,2.3065,1.6864,0.8905
"A375",1.4484,0.521,3.5625,0.4121,0.1527,0.4491,0.9057,0.7175,0.02134,0.8069,4.6373,0.6118,3.9345,3.2038,0.09724,4.8148,0.1961,6.0932,3.2996,2.9645,2.2543,1.8735,1.0899,0.2889
"BT549",1.0007,0.641,4.799,0.1106,1.0001,0.2901,0.8363,0.533,0.1532,0.9727,3.7698,0.5889,3.4086,4.1961,1.6262,0.1503,0,5.817,0.2601,0.4886,2.1067,0.7964,1.0845,0.2467
"CAS1",0.6584,0.207,2.1995,0,0.02975,0.01784,0.6927,0.6175,0.01432,0.2382,3.6763,0.06255,2.2248,1.728,0.07697,0.586,0.1407,4.0347,0.103,0.06697,0.7917,1.0183,0.3645,0.08698
"COLO678",1.0687,0.2982,4.2419,0.2274,1.1779,0.827,0.8386,0.4238,0.4075,1.8722,3.3188,0.8591,1.9174,1.8377,0.5952,3.1372,0.4865,2.7143,1.8733,0.4074,1.3644,1.4769,0.6609,1.1618
"CAMA1",0.4276,0.4371,3.1786,0.3651,0.146,0.07149,0.1606,0.1829,0.5617,0.3685,5.0138,0.1544,3.1566,1.0891,0.7152,0.238,0.2178,4.3906,0.06316,0.07136,0.8191,0.1146,0.494,0.003827
"CORL105",0.4341,NA,1.9816,0.225,0.549,0.3313,0.7688,0.2549,0.1163,1.1032,2.7717,0,NA,1.1709,0.2072,1.8902,NA,2.6619,1.1293,0.3126,0.9254,0.1953,0.5431,1.1257
"DU145",0.9597,0.07206,4.4163,0.2331,0.7691,0.02354,1.391,0.6584,0.08201,1.5505,4.9332,0.3253,3.5571,2.9817,0.2907,1.3267,0.05875,6.0946,0.864,0.2992,2.4128,1.4144,1.2529,0.9805
"EN",0.6604,0.1392,2.6637,0.08131,0.4058,0.146,0.6256,0.4521,0.02041,0.4015,3.5731,0.3369,0.9262,0.741,0,0.557,0.03136,4.0051,0.2629,0,0.5043,0.698,0.4259,0
"BFTC909",0.898,0.00241,3.6219,0.1644,0.1757,0.01861,0.2464,0.4398,0.1492,0.8398,4.0883,NA,NA,3.1375,0.4923,0.8653,0.2396,5.1868,0.3552,0.1107,0.6164,0.6489,1.2289,0.04175
"CALU6",1.511,NA,3.0328,0.4372,0.1923,0.106,1.5736,0.7092,NA,0.7187,4.0829,0.8441,NA,3.0781,1.0712,3.2483,NA,6.5055,1.5986,1.0378,NA,2.1373,0.79,0.4963
"CORL23",0.7416,0.1142,2.3346,0.02301,0.1227,0.08275,0.2272,0.3596,0,0.3283,4.0549,0.8032,2.9901,3.0968,0.2085,0.5205,0,5.2187,0.02408,0,1.2001,0.6334,0.3707,0.03604
"DAOY",0.7917,0.2486,3.6005,0.02801,0.05,0.2397,0.2739,0.2733,0,0.6998,4.8071,0.3994,3.9651,3.9107,0.6428,0.01505,0.01077,5.9369,0.3316,0.2072,0.9778,0.7283,0.5918,0.2287
"C2BBE1",1.3449,0.7346,2.2767,0,1.4312,0.4036,2.0615,0.7279,0.00776,1.9499,4.6721,0.2239,NA,1.3702,0.5307,2.6013,0.7911,3.4819,1.6091,0.4087,1.1062,1.4705,0.527,1.128
"DETROIT562",0.3942,0.5156,2.8606,0.8825,0.432,0.6081,1.1993,0.1087,0.1327,1.5655,3.7515,0.08576,NA,1.4964,0.8633,1.2996,0.9828,5.6996,1.0097,0.1153,0.6876,0.5406,0.2191,0.8498
"A549",1.6406,0.6661,2.9712,0.08954,0.6707,0.4832,0.4962,0.4691,0,0.4353,3.6981,0.6549,1.7063,1.8717,0.2759,3.1106,0.2405,4.9753,1.8637,0,1.4266,1.3264,1.2616,0.4884
"EFM19",0.7541,0.3452,3.5096,0.7263,0.7549,0.3282,1.2611,0.6233,0.2789,0.9214,4.9716,0.3749,2.2524,1.9984,2.7017,0.09919,0.6936,5.55,0.0802,0,1.4292,1.2299,0.7954,0.09867
"A172",0.3615,0,2.4662,0.08666,0,0.2102,0.2508,0.4959,0.03331,1.0122,4.0075,0.2818,2.5153,2.649,0.09733,0.5436,0,4.6157,0.2375,0.01494,1.3704,1.4006,1.1598,0.08293
"A673",1.599,NA,3.6758,0.1048,0.005817,0.5932,0.9435,1.6086,0.2549,1.4081,4.71,0.3025,NA,5.4861,1.0647,0.6163,0.2491,7.0239,1.3769,0.7895,1.9556,1.734,0.7322,0.1029
"EFO27",0.2644,0.09143,2.7526,0,0.9129,0,1.3038,0.1799,0,NA,4.9402,0.326,2.605,2.1093,0.2594,0.9157,0,3.8972,0.3168,NA,2.0174,0.4506,0.7044,0.8427
"SUPT1",0.8588,0.6136,2.5547,0.1771,0.2321,0.4434,0.5452,0.2455,0.01857,1.0916,4.1072,0.05822,NA,4.3655,0.5272,0.4635,0.4662,5.2309,0.02767,0.3396,0.2498,0.6526,0.1683,0.3717
"KP4",1.0599,0.3059,4.4144,0.6425,0.212,0,0.4543,1.9426,0.7225,0.7623,3.9219,0.691,3.2093,2.3036,0.1999,1.7523,0.5408,6.5694,1.0904,0.1093,1.5502,1.1314,0.9038,0.21
"HDMYZ",1.389,NA,3.7408,0.6999,0.6625,0.3302,0.5385,0.8361,NA,0.3995,4.3193,0.9484,NA,5.7676,0.4014,4.6897,NA,6.7594,2.7557,0.7874,NA,1.4183,1.2701,0.8709
"SKES1",1.9883,0.6998,2.7715,0.1814,0.3363,0.21,1.0395,1.0904,0.9015,1.3934,5.2424,0.5736,5.3432,5.0616,0.3386,0,0.5761,6.7784,0.7745,1.0572,2.7301,2.3471,1.6445,0.8541
"KYM1",1.5614,NA,4.1346,2.4325,0.2819,0.7415,0.9075,0.6022,0.1716,0.93,5.6512,0.6532,NA,3.4304,5.445,1.6464,NA,6.895,1.0501,0.1605,NA,1.0759,1.3819,0.2845
"HS766T",0.3245,0.2082,3.2746,0,0.3614,0.6257,1.7451,0.846,0.1058,1.3798,3.5238,0.2793,0.9451,0.9675,0.006976,3.6998,0.5099,3.1435,2.7227,0.09305,1.8703,1.623,0.6438,0.6797
"HCC827",0.8091,NA,3.074,0.4763,0.956,0,2.8997,0.3058,0.7494,3.1181,4.0611,0.5981,NA,1.736,0.4814,0.7286,NA,4.5217,0,0.3699,NA,1.5033,0.1211,4.4132
"SUIT2",0.9113,0.05218,2.3478,0.2108,0.1841,0.2685,1.011,0.2423,0.05559,0.7193,3.1656,0.6344,3.4227,3.5594,0.2473,3.014,0.3509,3.2842,2.0782,0.2664,1.8839,0.9789,0.9148,0.9399
"KNS42",1.268,0.3225,2.789,0.6865,0.216,0.3687,0.6949,0.4066,0.2855,1.3425,3.6298,0.3099,2.4491,2.0429,1.0396,0.5834,0.5809,5.2136,0.9356,0.5032,1.378,1.4364,0.7234,0.0282
"HT1080",0.6785,NA,4.0847,0.2556,0.2133,0.4817,0.1531,0.8244,0.1955,0.6356,4.6286,0.1179,NA,3.3672,0.9264,2.4808,0.03595,6.7248,1.8734,0.07934,1.7451,0.5672,0.5673,0.02918
"IPC298",0.9805,0.2386,3.5373,0.1498,0.2847,0.01412,0.04946,0.1298,0.1943,0.7882,4.117,0.6293,3.1056,2.6856,0.1968,5.61,0.09373,5.3262,3.8036,0.5122,3.249,0.4449,1.4256,0.5104
"MDAMB453",1.1017,0.3012,5.5367,0.04652,1.582,0,0.1335,0.2967,0.1205,0.6659,5.7776,0.8147,3.9137,3.126,0.3383,0.9213,0.2768,5.5396,0,0.1361,1.3141,1.0628,0.5439,0.1473
"SKMES1",1.921,NA,4.0054,1.9638,2.0259,1.4989,2.5709,1.3051,NA,2.0888,4.3314,0.5808,NA,3.7728,2.5655,2.3037,NA,4.9906,0.8823,1.0515,NA,2.4285,1.6466,2.3791
"KP1N",0.6898,0.2514,3.1879,0.06098,0.4018,0.1829,0.6351,0.3969,0.1018,1.2652,2.9291,1.2839,2.1545,1.8734,0.3655,0.4674,0.06754,5.3362,0.602,0.3499,0.9599,1.0817,0.474,0.02276
"HT1376",0.9099,0.2472,3.2082,0.4499,1.0678,0.6192,1.657,0.765,0.04978,1.6519,3.9747,0.3819,1.5047,0.1703,0.5259,1.0196,0.1599,3.9561,0.7726,0.5576,2.1599,1.6853,1.4078,1.4249
"HPAFII",1.3463,NA,3.803,1.7663,1.3411,1.7918,1.8783,1.0399,1.3888,1.4523,3.7254,0.4414,NA,3.3008,1.1707,3.016,NA,4.9936,2.0653,0.2772,0.9446,1.1629,0.8712,0.965
"KNS62",0.5156,NA,3.6717,0.8163,0.2334,0.03943,0.2138,0.208,0.3271,1.0744,4.2741,0.0401,NA,2.5993,0.9201,1.9951,NA,4.9409,1.1768,0.2596,0.5655,0.127,0.3008,0.1777
"H4",0.4519,0.5618,4.1075,0.5117,0.05188,1.2492,0.6725,1.5929,0.06108,1.1921,4.3444,0.1642,NA,2.6745,0.2157,0.01881,0.7428,5.2411,0.2843,0.6343,1.4272,1.8596,1.4453,0.2662
"SKMM2",1.0993,0.5101,3.3913,0.6933,1.2505,0.1509,1.6679,0.6414,0.1733,1.3733,4.3589,0.9437,1.9241,2.4981,0.5493,2.1132,0.5401,6.3364,1.3523,0.3525,2.9091,0.92,1.0196,1.4542
"JHH6",0.05775,0.02888,2.2829,0,0,0.1078,0.3986,0.1223,0.08491,1.0895,2.822,0.02019,0.5917,0.1861,0.0335,0.1574,0.03619,2.9703,0,0.05661,0.3966,0.03916,0.1206,0.01655
"IM95",1.8968,2,5.2425,2.4817,1.3837,0.4315,1.59,1.8964,2.1175,2.539,5.6788,0.4556,NA,2.9373,1.4143,3.5032,2.7932,6.4774,4.5529,1.0346,1.4441,0.4255,1.7889,2.1284
"TOV112D",0.4272,0.4922,2.6725,0.3554,0.4868,0.6416,1.8421,0.6993,0.2808,1.1847,4.3584,0.9695,3.8142,3.9431,0.1064,0.8026,0.7611,6.2674,0.09705,0.05898,1.6093,1.4665,1.1542,0.8777
"KARPAS422",1.432,0.1021,3.0913,1.0764,0.454,0.3927,0.5777,0.719,1.226,0.03643,5.1266,0.4391,3.6338,4.1392,0.456,0.8127,0.4619,2.2649,0.7856,0,2.5356,1.9474,0.7243,0.01967
"HUPT4",2.0752,1.2267,4.9176,0.7677,1.1058,1.0421,2.4276,1.6044,0.618,2.3812,5.0741,0.15,NA,4.3506,1.409,4.3231,1.2859,5.8226,2.1476,0,2.2658,2.8087,0.9989,1.4576
"JHH7",1.6698,NA,4.2024,1.4814,0.9747,0.8485,0.6958,0.7837,NA,1.6495,4.4785,1.0576,NA,3.2097,0.9234,2.2898,NA,6.0801,1.5053,0.8328,NA,2.3994,1.8163,0.6282
"SW1573",1.3222,NA,2.0416,0.4133,0.3101,0.4564,0.6893,0.6794,0.2926,0.5897,3.9544,0.3386,NA,4.6127,0.517,1.3967,NA,3.8372,0.9396,0.4281,NA,1.4503,1.0356,0.3446
"SKMEL30",0.4842,0.2941,1.6956,0.23,0.027,0.04694,0,0.1049,0,0.1765,3.2337,0.4895,1.6605,1.2816,0.01642,4.6005,0.01621,3.9556,3.251,0.0465,1.63,0.267,0.1669,0
"IGROV1",0.3161,0.4447,2.6076,0.05415,0.8646,0.2323,1.9254,0.1002,0,NA,4.0604,0.8575,2.3182,3.0213,0.06797,1.8264,0.01444,3.7989,0.6622,NA,1.889,0.568,0.8688,1.1493
"AMO1",2.8999,1.5625,5.2887,1.0553,1.233,1.1689,0.3323,1.3265,1.279,1.295,5.9291,0.9786,3.7332,4.6146,0.5586,2.9921,0.6168,6.5985,1.6147,0.4187,1.805,3.1165,1.5766,1.0362
"A2780",0.6674,0.4157,4.7559,0.03508,0.6209,0.9955,0.3709,1.3639,0.7732,1.3352,4.5095,0.9908,4.4446,4.6525,0.3406,3.6018,0.6759,6.5225,2.5348,0.3847,2.0551,1.9146,1.8416,0.2241
"DEL",1.2612,1.2823,5.2371,2.3361,1.0422,0.8865,1.4715,3.7305,2.1438,2.052,5.957,1.989,5.873,5.916,0.9751,1.3118,1.6378,7.3422,1.4402,1.2475,2.3549,5.9893,1.3471,0.473
"EFO21",1.1699,0.08193,2.2269,0.2856,0.5927,0.2278,0.6374,0.3743,0.09827,1.2608,3.2021,0.5223,1.9361,2.5609,0.6449,1.0839,0.09228,3.8972,0.8452,0.2946,1.9322,1.7014,0.696,0.463
"HUPT3",0.5173,0.1507,2.5525,0.1855,0.1481,0.3224,0.7185,0.391,0,1.1563,3.932,0.1761,2.011,1.9046,0.6851,2.2718,0.3721,4.484,1.6739,0.1687,0.9198,0.1825,0.7941,0.2869
"HGC27",1.0097,0.7505,3.6359,0.05354,0.3305,0.176,0.801,1.0484,0.7627,1.5656,4.4176,0.4772,1.955,2.186,0.151,0,1.3939,6.2021,0.08234,0.2173,1.6065,2.0106,1.5571,0.2264
"CCK81",0.7503,NA,3.4189,0.7094,2.3087,0.5473,1.8014,0.3273,0,2.3861,4.7212,0.1157,NA,2.4283,0.7254,2.5956,NA,3.4061,2.0146,0.2626,0.7362,1.8427,0.6354,1.8156
"HCC44",0.9276,NA,4.7402,1.1856,0.1527,0.09813,0.4591,0.2043,0.4521,0.9367,4.1851,0.5025,NA,2.2173,2.3407,1.5458,NA,5.8639,0.7028,0.5668,1.5482,1.0325,0.3747,0.1511
"HCC78",0.3367,0.01119,1.8194,0.7086,0.07474,0.0682,0.3899,0.5792,0,0.5071,3.9946,0,NA,4.1192,0.3811,0.3694,0.1592,3.5376,0.1545,0.2376,0.1753,0.8875,0.2193,0.02019
"HCC15",1.1557,0.3714,3.8606,1.0101,0.6883,0.5754,0.9268,0.6549,0,0.9135,4.8063,0.827,NA,2.5426,1.6691,1.8382,0.1374,5.2761,1.4084,0.5192,1.6292,1.3415,0.8745,0.3449
"HUCCT1",0.3628,0.3396,3.6046,0.2262,0.7029,0.3646,0.08281,0.544,0.324,1.2156,3.9488,0.4565,2.0752,2.3615,0.4118,2.3323,0.2356,4.1198,1.4631,0.2696,1.6195,0.7162,0.5208,0.4576
"HCC1187",0.2086,0.1172,1.2846,0.4499,0,0.4677,0.3754,0.05411,2.2908,0.8999,3.683,0.2117,NA,1.8545,0.2256,0.5391,0.3664,5.8226,0.4582,0.1792,0.5931,0.4494,0.3913,0.1981
"HS746T",0.845,0.8844,3.5069,1.221,0.5103,1.6156,1.7904,3.4785,0.7244,0.7248,4.7462,0.2575,NA,3.0074,0.7589,2.6193,0.6801,5.1829,1.5266,0.2152,2.2018,0.8022,0.7003,0.3248
"HCC1954",0.8125,0.5581,4.5797,0.2587,2.0762,0.2675,1.6338,0.493,0.09828,1.3526,3.7483,0.4548,NA,1.2184,0.5034,1.6269,1.2174,5.6339,0.9032,0.02614,1.2052,0.5027,0.2642,0.8402
"A253",0.6375,0.2846,3.7077,0.2471,0.8241,0.6099,1.3531,0.3606,0.1745,1.2858,4.4124,0.4373,NA,4.6056,0.6914,1.3819,0.009649,5.6539,1.548,0.1243,1.4631,0.7365,0.4621,0.8588
"HCT15",1.1814,0.6787,2.6346,0.2077,1.0195,0.02414,0.9084,0.3213,0.01443,0.2839,3.1759,1.1377,2.7435,2.7169,1.1051,1.4088,0.2188,3.1674,0.6149,0.1654,2.4916,0.9206,1.1809,0.4596
"HT144",0.8903,0.8419,4.3186,0.2313,0.5575,0.5415,0.3266,0.6186,0.3225,0.8201,4.0197,0.6104,2.7864,2.9211,0.4271,4.4659,0.01489,4.6768,2.8194,2.267,2.8681,1.1289,1.11,0.5338
"CAL27",0.9409,NA,4.0906,0.7764,1.8794,0,1.5346,0.5558,0,3.4375,4.4571,0.3294,NA,3.8619,0.3061,2.6201,0,7.1184,2.3452,0,1.0867,0.5994,0.5781,2.316
"HCC70",0.6154,0.09364,3.0273,0.1703,0.6068,0.1437,0.571,0.2158,0,0.8561,4.4205,0.5751,2.2185,2.4964,0.426,2.1081,0.0002795,5.4912,1.2257,0.05906,0.7232,0.9657,0.6686,0.3408
"HARA",0.4855,NA,3.2458,0.1362,0.7284,0.3702,0.6418,0.1488,0,1.1713,3.5884,0.3296,NA,3.1222,0.3543,1.1893,NA,6.1217,0.2773,0.1449,1.0923,1.0078,0.5869,0.8434
"HCC1806",1.0001,1.0867,4.1444,0.1681,1.4366,0.5461,2.0485,1.0815,0.2743,1.305,4.4637,0.8092,NA,4.6446,0.7285,2.1571,0.3205,6.8819,1.6198,0.2989,2.0956,1.8193,0.8257,2.1
"NCIH1869",0.747,0.4445,3.0418,0.6647,1.0958,0.1337,1.719,0.1219,0,1.703,3.6257,0.2687,1.8317,1.5602,0.3543,1.8229,0.09282,2.2967,0.08598,0.5941,1.5432,1.7076,0.6316,1.4395
"NCIH2170",0.9193,0.9569,4.5194,0.118,3.1451,0.3865,1.7978,0.5128,0.1361,1.8922,5.0943,0.1748,3.5838,4.5073,0.1053,0.684,1.1408,6.47,0.3377,0.01563,1.4324,1.5386,0.8038,2.0307
"NUGC3",1.0673,0.5547,4.1622,0.2236,1.5373,0.3105,0.9751,0.4736,0.7761,1.772,4.2428,1.0741,4.6195,4.3889,0.6979,2.1154,0.1617,7.0402,1.6916,0.8798,1.7195,1.003,0.6742,1.82
"NCIH1666",1.0145,0.456,4.712,0.2059,2.1425,0.4504,1.2167,0.806,0.3766,2.9569,3.9983,0.6144,3.2599,2.0451,1.3635,3.8767,0.1308,4.4421,3.1254,0.2637,1.8098,1.7936,0.5551,2.2235
"NCIH1650",0.4436,0.4834,4.5681,0.03316,1.0601,0.5891,1.9891,0.4561,0.6198,2.4608,3.4336,0.5556,NA,1.4616,0.366,0.0898,0.1289,4.3317,0.3713,0.3035,1.2499,0.8811,0.7558,1.3557
"NCIH2023",1.4571,0.612,3.4569,0.6195,0.3546,0.6613,0.4832,1.1931,0.03723,0.679,3.9486,0.006447,NA,2.1324,0.296,1.0669,0.6846,4.676,0.3972,0,0.8588,1.0811,0.9905,0.1764
"NCIH211",1.4213,0.9206,3.2255,0.3437,0.6736,0.1456,0.61,0.6209,0.6459,0.4266,5.3056,0.7736,3.8559,3.8351,1.6828,0.9559,0.7345,5.7354,0.6744,0.2859,1.3993,1.3403,1.1127,0.1121
"NCIH650",0.7852,0.1037,3.3292,0.5756,0.1778,0,0,0.389,0,0.861,3.4858,0.07339,NA,1.8313,0.5809,0.5376,0.1045,4.2852,0.5544,0.03584,1.4552,0.5029,0.5932,0.04207
"SNU423",0.1276,0.08987,2.0606,0.8206,0.2067,0.1352,0.04521,0.4193,0.5282,0.2162,3.1265,0.06403,NA,0.8919,0.7057,0.3718,0.5886,4.9445,0.3714,0.1018,0.6721,0.2347,0.3549,0
"NCIH1703",0.7496,NA,4.6215,1.254,0.3413,1.1218,1.9617,0.815,0.689,2.1679,3.2273,1.7395,NA,3.4943,1.6718,0.92,NA,6.0885,0.6057,0.9735,NA,1.7164,1.7113,0.5767
"NCIH747",1.5524,0.6162,4.1782,0.4446,0.5944,0.1082,1.2293,0.7988,0.1817,1.3901,4.788,0.5534,NA,2.1884,1.2307,4.5513,0.797,4.5944,3.9755,0.1485,0.9015,1.389,0.1588,0.8585
"SCC25",NA,NA,4.46,0.7471,1.1151,0.5353,1.1035,0.3788,0.1254,2.5074,NA,0.3316,NA,3.3078,1.593,1.3214,0.5614,6.8063,0.494,0.3717,1.4881,0.9235,0.5498,NA
"NCIH1693",1.1923,0.8682,1.6738,0.636,1.678,0.9088,1.4733,0.9907,0,1.8628,4.5178,0.4801,3.1318,3.0734,0.8193,2.3507,1.2313,3.8862,1.2609,0.1419,1.9118,1.4694,1.3123,1.42
"NCIH520",0.535,0.1169,2.9933,0,0,0.421,0.7849,0.2855,0.03915,0.832,4.0233,0.4904,3.2016,2.1326,0.6113,0.1691,0.7981,5.9668,0.1026,0.07222,1.3047,0.8424,1.2327,0
"NCIH1694",0.8491,0.308,1.4558,0.1112,0.5385,0.2616,0.3515,0.3931,0.6287,0.7705,5.0687,0.1786,4.3177,4.8522,1.0089,0.3607,0.1648,4.6718,0.333,0.1221,1.1519,0.1368,0.4787,0.1312
"OCUM1",0.5085,0.3957,4.7362,0.2974,0.3383,0.5333,0.3956,0.9729,0,0.4953,5.165,0.1405,3.2961,3.6049,0.501,5.29,0.6016,5.3406,4.2032,0.1104,1.3903,1.467,0.6555,0.01577
"SNU398",0.5915,NA,2.5308,0.5687,0.2801,0.8702,0.6213,0.9383,1.342,0.7031,4.3922,0.7151,NA,3.618,1.5732,2.4054,NA,6.988,1.4041,0.7115,1.397,1.9352,1.0815,0.01824
"SW48",2.1955,0.3872,5.8824,0.131,2.7696,1.0407,1.6492,0.8926,0.9012,2.9371,4.6508,0.5355,4.33,4.0017,0.4682,5.322,1.7552,6.6415,4.7855,0,1.1192,3.1949,1.5286,2.558
"SUDHL4",1.7337,1.4978,3.7258,2.5702,1.2882,1.9194,3.6068,2.013,1.3882,2.2708,5.8489,1.8441,4.9707,5.315,1.8018,0.6981,2.4962,6.9533,1.7324,1.988,1.5231,2.3917,1.9076,1.0076
"NCIH23",1.3268,0.6261,4.2066,0.3608,0.4302,0.8491,0.7626,1.136,0.6998,1.2023,4.3584,0.3285,NA,3.0649,2.0322,2.1937,0.2654,6.5769,1.0566,1.1365,2.016,1.688,1.5173,0
"NCIH522",0.6383,0.4237,3.5106,0.1305,0.7621,0.4385,0.8378,0.5612,0.08763,0.9695,4.0878,0.5832,2.9178,1.9146,0.5374,0.8364,0.1026,5.4331,0.3785,0,1.1235,1.397,0.6619,0.4055
"NCIH647",0.3716,0.5991,3.1829,0.5762,0.2396,0.3702,1.452,0,0.4379,1.1171,2.9629,0.8969,NA,1.1787,0.6297,0.8152,0.5271,4.6377,0.3915,0.3382,0.23,0.1524,0.1195,0.2912
"NCIH1975",1.0222,0.07336,3.3781,0.1393,0.3094,0.1706,0.5187,0.2606,0.2325,0.2174,3.3759,0.1468,1.7151,1.6636,0.2285,1.2184,0,5.9467,0.4696,0.06596,1.6132,1.3584,0.7472,0.4621
"SF126",0.9526,0.5877,2.7719,0,0.3474,0.08125,0.5959,0.4382,0.05543,0.5404,4.1631,0.5917,3.7926,4.3635,0.2755,1.0433,0.4761,4.6195,0.2737,0.2292,1.8753,1.3627,1.4397,0.07066
"SKMEL2",0.2356,0.7005,2.0922,0.5486,0.9673,2.1103,0.1274,0.4815,0.4891,0.04064,4.9024,0.8119,2.7765,1.1798,1.3409,3.0417,0.442,3.657,1.7595,0.4425,1.6529,0.8386,0.6534,0.09419
"HS578T",0.2538,0.2575,3.8639,0,0.2025,0.4288,0.4801,0.4021,0,0.4577,4.1861,0.05614,NA,1.2176,0.5308,1.2618,0.4447,6.8292,0.2979,0.3128,1.2571,0.7075,1.1832,0.05836
"VMRCLCD",1.2253,0.9196,3.5308,0.8956,0.3525,0.6822,1.4598,1.5236,0.3498,0.8905,5.8651,0.8458,NA,2.2419,1.2026,0.9976,1.4569,6.523,0.6682,0.4482,0.4546,1.9492,0.9444,0.2547
"KARPAS299",0.2968,0.04111,3.0586,1.0762,0,0.1569,0.1212,1.2033,0,0.2015,4.2807,0.09596,NA,2.6928,0.6597,1.4693,0.4576,5.9128,0.7473,0.1536,1.0229,3.0368,0.3247,0
"NCIH2172",0.4366,0.07936,1.7525,0.2135,0.03765,0.05811,0.1918,0.4162,0,0.4416,NA,0.3295,0.9265,0.0547,0.5285,0.2755,0.04726,2.1174,0.3521,0.7171,0.1744,0.4014,0.2366,0.198
"LP1",2.8798,2.2922,3.2781,0.6193,1.8908,1.3709,0.4225,2.432,1.3427,1.7224,4.8948,1.1561,2.5387,2.64,0.3876,1.7369,2.2415,3.0682,1.3771,0.3489,1.0413,2.6661,1.0434,0
"TYKNU",1.0867,0.1484,3.7232,0.08034,0.5639,0,0.8178,0.7577,0.1057,1.2291,4.6765,0.5322,3.7963,3.4346,1.2606,1.6836,0.4732,5.115,0.6276,0.1161,1.3677,1.0603,0.6974,0.2076
"JHOS4",1.549,1.2189,1.6599,0.495,1.0099,0.7082,1.733,0.7615,0.4816,1.9067,3.1822,0.2538,NA,2.2804,2.5589,0.6151,0,5.2994,0.6264,0.2998,1.1065,1.3722,1.098,0.9895
"HUH1",1.4368,0.2987,2.7021,0.1365,0.3326,0.1682,0.5394,0.4129,0,0.3792,3.2468,0.1994,2.3966,2.5865,0.04504,0.2633,0.559,4.4053,0.1214,0.09978,1.0498,1.3823,0.9419,0.4804
"MDAMB468",1.9311,0.6117,2.575,0.868,1.4168,0.9397,1.016,1.0025,1.5567,1.8697,3.384,0.8336,3.8767,3.7305,0.8595,1.5386,0.903,6.075,0.9323,0.1516,1.9761,1.4916,1.6093,1.8648
"MDAMB415",0.5793,0.9927,3.8425,0,0.4949,0.3684,0.699,0.652,0.04379,0.09347,4.546,0.8087,NA,1.0161,0.6508,0.3595,0.9099,2.8461,0.3868,0.05878,1.4923,0.2655,1.1061,0.03477
"JHOS2",1.2322,0.5389,1.9626,0.5548,0.5668,0.4878,0.4457,0.3298,0.5928,1.3901,3.0253,0,NA,2.3488,1.1132,1.0772,0.03892,4.1841,1.2776,0.6494,1.0853,0.7772,0.7762,0.1802
"MKN45",0.5995,0.358,5.2123,2.14,0.2113,0.6576,0.5686,3.6422,1.7307,0.3538,4.163,0.8244,4.1061,4.3579,0.7376,2.7494,0.307,5.8234,1.5757,0.0819,2.3323,0.5641,1.0145,0.18
"SF295",0.9258,0.2989,3.2674,0.4697,0.4123,0.2025,0.4257,0.8342,0.05788,0.1916,3.2886,0.2399,2.844,3.0484,0.2531,0.6552,0.1626,4.5241,0.466,0.2133,1.337,1.0372,0.9636,0.1438
"ASPC1",1.3966,0.2155,3.4197,0.2758,0.411,0.02477,0.6383,0.6001,0.1851,1.1518,4.1905,0.4228,2.2418,1.5994,0.4818,2.611,0,4.0922,2.1312,0.2848,1.5547,1.4991,0.5118,0.2484
"KYSE180",1.2614,NA,4.5305,0.4611,1.7008,0.4469,1.6671,1.0874,NA,0.786,3.9365,0.3126,NA,3.9397,0.6691,0.3991,NA,6.5708,0.3191,0.5049,NA,1.0755,0.8789,1.55
"RAJI",0.4082,0.3417,1.9767,0.4254,0.3515,0.5263,0.0146,0.02249,0.3786,0.8993,4.1707,0.03069,NA,3.4747,0.0443,0.5314,0.2033,6.0218,0.2204,0.121,0.5103,0.1373,0.3131,0.218
"NCIN87",0.8738,1.2436,6.109,0.4056,4.381,0.7817,2.0389,0.5961,0.6826,1.4258,4.5723,0.4951,NA,3.5494,0.6739,2.0757,0.7402,5.695,1.7723,0.6974,1.8996,1.8145,1.0356,0.9619
"MIAPACA2",1.4882,0.259,4.5336,0.5045,0.429,0.23,1.5617,1.0965,0.02159,1.3838,5.4217,0.7994,3.4062,3.8799,0.3787,3.7488,0.3324,5.7431,2.824,0.1083,1.3487,2.0974,0.735,0.07553
"SUPM2",0.1908,0.1514,4.1261,0.5715,0,0.312,0,1.7536,0.3893,0.3674,5.489,0.04683,5.0054,4.3541,3.1432,1.5185,0.7352,7.6077,1.0256,0.1102,0.5358,4.0199,0.08662,0
"BXPC3",0.7268,NA,3.4843,0.8834,1.2981,0.8451,1.5541,0.5536,0.3731,1.2382,3.9718,0.3544,NA,2.8842,2.374,2.8579,NA,5.4667,1.9699,0.8857,NA,1.6433,1.1114,0.7307
"SKNDZ",1.9651,NA,2.942,0.4223,0.1598,0.2146,1.5357,1.2322,0.7382,1.1118,5.6735,0.154,NA,3.8043,0.7765,0.2465,0.8865,5.864,0.7211,0.1446,0.6303,1.5215,0.986,0.04943
"SKNAS",1.1907,NA,2.5368,0.09334,0.08355,0.3259,0.3985,1.1172,0.4597,0.9418,5.2683,0.3163,NA,3.1954,0.5947,3.5526,0.8092,5.2472,3.1582,0.07928,NA,1.356,0.2845,0.03266
"CAL12T",2.0875,NA,3.5,1.5377,1.4973,0.6988,1.8817,1.1889,NA,2.5282,4.1571,0.6577,NA,1.9431,1.1054,2.2204,NA,4.9761,1.2348,0.5977,NA,2.8724,1.5021,1.7747
"PANC0203",1.5713,0.3683,3.4803,0.3393,1.0355,0.6172,1.669,0.8964,0.06966,1.9639,4.357,0.5173,2.7868,2.4189,0.2337,4.8153,0.8133,4.0096,3.4381,0.1131,0.9657,1.1405,0.647,1.0194
"SIMA",2.8915,1.172,2.3687,0.4474,0.5922,0.8092,1.0497,1.0319,1.2502,1.3277,4.7345,1.1921,4.8066,4.5036,0.6322,3.3683,1.6616,5.5779,1.7358,0.1373,2.1238,2.6995,1.5244,0.1907
"PATU8902",1.3212,NA,2.4817,0.6979,0.2098,0.4023,0.9396,0.4002,0.405,0.9198,3.9954,0.4794,NA,2.263,0.6972,2.216,NA,3.2911,1.4749,0.2355,NA,1.4907,0.6359,0.0789
"PANC0403",0.7045,0.6639,2.6612,0.09142,0.6503,0.3671,0.7926,0.5411,0.1511,0.3849,3.5197,0.4002,1.7691,1.7677,0.3004,2.8214,0.2123,3.9711,1.4602,0.09336,0.688,1.5515,0.4505,0.494
"ESS1",1.5524,NA,3.4977,2.2772,1.2909,0.7388,1.8504,1.3171,NA,1.3919,4.7936,0.4498,NA,6.209,4.4022,0.9489,NA,6.5069,0.5129,0.8378,NA,1.9378,1.7331,0.6877
"TC71",0.425,0,1.9739,0,0,0.05201,0.02867,0.6631,0,0.3741,4.6377,0.007735,3.5768,3.7927,0.1439,0,0,6.8648,0.01673,0.04168,0.2494,0.5449,0.8521,0
"HCC1395",0.7086,NA,2.6091,0.4523,0.3471,0.1969,1.8946,0.2731,0.4006,1.5061,2.8148,0.3345,NA,2.5762,1.2891,0.56,NA,5.4493,0.6753,0.3832,NA,0.4094,0.7068,0.5515
"HSC2",0.1172,0.2326,3.1995,0.2599,0.5269,0.3311,0.7791,0.03532,0.1213,1.682,3.2598,1.0356,3.5079,3.8791,0.2136,0.2316,0,4.6615,0.0567,0.2626,0.6273,0.1918,0.5043,0.6125
"SNGM",0.497,0.3269,3.6265,0.6993,0.5455,0.4692,1.0556,0.2154,0.8261,1.8526,3.9169,0.4755,2.0173,2.5829,0.4892,1.1151,0.1502,5.7321,1.1646,0.2797,2.4101,0.5714,0.8186,0.7714
"DBTRG05MG",0.868,0.3488,2.7457,1.0773,0.2992,0.8056,1.475,0.468,0,0.6038,3.7393,0.7186,3.4461,3.2015,0.4507,2.9241,0.3863,5.3756,3.1418,1.8659,2.5702,1.4749,0.6195,0.3955
"MDAMB436",1.1129,0.2853,2.2556,0.2029,0.2457,0.9866,0.6943,0.8252,0.06644,0.4278,3.1806,0.2087,NA,2.5255,0.5103,0.8916,0.4081,4.6231,0.8398,0.07696,1.4521,1.8553,0.8019,0.4275
"RL952",1.2066,0.479,3.2136,0,1.3016,0.6145,1.6957,0.8308,0.3091,1.5608,4.9122,0.1355,2.1034,1.9966,0.1315,3.5574,0.5663,6.095,2.7961,0.228,2.0185,1.0425,1.3047,1.5385
"NCIH2087",0.7475,0.8483,3.0497,0.3437,0.3981,0.4068,0.7401,0.423,0.2508,0.8015,3.572,1.0198,NA,4.0293,0.1451,4.1166,0.6578,5.5116,3.0122,0.7931,1.5063,1.1913,0.9215,0.4709
"JM1",0.2846,0.6152,2.0988,0.04249,0.143,0.3451,0.05758,0,0.5253,0.4424,5.2913,0.2965,NA,3.6682,0.1574,0.2912,0.6972,6.1963,0.1883,0,0.5594,0,0.2027,0.7337
"MSTO211H",0.5041,0.5277,3.6676,0.3346,0.3716,1.0383,0.7174,0.8487,0.08544,1.103,4.4962,0.7464,NA,3.1705,0.8363,2.492,0.7796,5.3017,1.2301,0.8892,2.1076,1.6265,1.7164,0.3184
"SJSA1",1.5288,NA,3.2033,0.5401,0.3625,1.339,1.3996,0.6386,0.2222,0.984,4.1913,0.9267,NA,3.5615,0.6123,1.746,0.6593,5.3659,0.833,0,1.1671,1.2566,0.5718,0.4775
"DOV13",1.0079,0.5616,3.1509,0.2417,0.4274,0.2686,0.1621,0.4143,0.11,0.5986,4.181,1.3888,3.6086,3.1857,0.5408,0.03367,0.02824,5.4254,0.2239,0.4118,1.9122,0.856,0.9813,0.04386
"OVTOKO",0.508,0.1559,2.0471,0.2041,0.8776,0.5722,1.9162,0.3415,0.301,NA,4.7984,0.7373,2.6997,3.5208,0.1956,0.5565,0.1509,2.0493,0.3445,NA,2.134,0.7926,0.6268,0.8693
"U2OS",1.5148,0.6846,4.6678,0.2498,0.7341,1.0122,1.3457,1.0034,1.163,2.1597,5.1185,0.5541,2.6425,2.6347,0.3309,1.683,0.3956,5.1548,1.2003,0.6723,1.249,1.324,0.8411,0.4888
"NCIH2122",1.71,0.5732,4.996,0.7922,1.0545,0.3708,0.8178,0.618,0.3496,0.8166,4.8641,0.4757,3.6813,4.4313,0.9173,4.4466,1.274,6.6492,3.0327,0.8008,2.0903,1.8716,1.0366,0.8959
"MFE296",0.9253,NA,2.9064,0.453,0.4447,0.4547,1.1319,0.5073,0.4872,1.5118,3.909,0.583,NA,4.5965,1.0266,0.6229,NA,5.9629,0.314,0.3759,1.9443,0.7959,1.3124,0.6176
"NCIH226",0.6322,0,2.0162,0,0,0.1363,0.2167,0.1941,0,0.2921,2.8671,0.5957,NA,2.248,0.04654,1.589,0.2601,3.207,0.3049,0,1.3318,0.7534,0.8242,0
"SU8686",0.7582,NA,2.4711,0.2854,0.09048,0.148,0.3333,0.2915,0.01013,0.5285,3.8365,0.2178,NA,3.0704,0.9071,0.7627,0,4.1376,0.616,0.2061,1.1501,0.2885,0.1613,0.1866
"SW1271",1.2973,0.6314,2.6201,0.8502,0.1266,0.7121,1.3076,0.7189,0.07391,0.9662,3.5354,0.3072,3.0324,3.209,1.2443,2.2362,0.2713,4.1891,1.669,0.5061,1.3744,0.818,0.1423,0.08464
